state,abbr,residential_cents_per_kwh_july_2026,source
Alabama,AL,16.4,EIA Electric Power Monthly Table 5.6.A
Alaska,AK,28.83,EIA Electric Power Monthly Table 5.6.A
Arizona,AZ,15.38,EIA Electric Power Monthly Table 5.6.A
Arkansas,AR,14.33,EIA Electric Power Monthly Table 5.6.A
California,CA,33.61,EIA Electric Power Monthly Table 5.6.A
Colorado,CO,17.0,EIA Electric Power Monthly Table 5.6.A
Connecticut,CT,24.16,EIA Electric Power Monthly Table 5.6.A
Delaware,DE,18.48,EIA Electric Power Monthly Table 5.6.A
District of Columbia,DC,25.21,EIA Electric Power Monthly Table 5.6.A
Florida,FL,15.03,EIA Electric Power Monthly Table 5.6.A
Georgia,GA,16.27,EIA Electric Power Monthly Table 5.6.A
Hawaii,HI,48.0,EIA Electric Power Monthly Table 5.6.A
Idaho,ID,13.73,EIA Electric Power Monthly Table 5.6.A
Illinois,IL,19.22,EIA Electric Power Monthly Table 5.6.A
Indiana,IN,16.73,EIA Electric Power Monthly Table 5.6.A
Iowa,IA,15.99,EIA Electric Power Monthly Table 5.6.A
Kansas,KS,15.27,EIA Electric Power Monthly Table 5.6.A
Kentucky,KY,13.81,EIA Electric Power Monthly Table 5.6.A
Louisiana,LA,12.72,EIA Electric Power Monthly Table 5.6.A
Maine,ME,32.41,EIA Electric Power Monthly Table 5.6.A
Maryland,MD,21.41,EIA Electric Power Monthly Table 5.6.A
Massachusetts,MA,30.49,EIA Electric Power Monthly Table 5.6.A
Michigan,MI,23.05,EIA Electric Power Monthly Table 5.6.A
Minnesota,MN,17.45,EIA Electric Power Monthly Table 5.6.A
Mississippi,MS,14.54,EIA Electric Power Monthly Table 5.6.A
Missouri,MO,16.09,EIA Electric Power Monthly Table 5.6.A
Montana,MT,14.99,EIA Electric Power Monthly Table 5.6.A
Nebraska,NE,13.78,EIA Electric Power Monthly Table 5.6.A
Nevada,NV,12.77,EIA Electric Power Monthly Table 5.6.A
New Hampshire,NH,26.6,EIA Electric Power Monthly Table 5.6.A
New Jersey,NJ,25.19,EIA Electric Power Monthly Table 5.6.A
New Mexico,NM,16.09,EIA Electric Power Monthly Table 5.6.A
New York,NY,29.9,EIA Electric Power Monthly Table 5.6.A
North Carolina,NC,15.16,EIA Electric Power Monthly Table 5.6.A
North Dakota,ND,13.41,EIA Electric Power Monthly Table 5.6.A
Ohio,OH,19.45,EIA Electric Power Monthly Table 5.6.A
Oklahoma,OK,14.35,EIA Electric Power Monthly Table 5.6.A
Oregon,OR,15.97,EIA Electric Power Monthly Table 5.6.A
Pennsylvania,PA,21.72,EIA Electric Power Monthly Table 5.6.A
Rhode Island,RI,28.29,EIA Electric Power Monthly Table 5.6.A
South Carolina,SC,15.47,EIA Electric Power Monthly Table 5.6.A
South Dakota,SD,15.37,EIA Electric Power Monthly Table 5.6.A
Tennessee,TN,13.71,EIA Electric Power Monthly Table 5.6.A
Texas,TX,15.88,EIA Electric Power Monthly Table 5.6.A
Utah,UT,13.12,EIA Electric Power Monthly Table 5.6.A
Vermont,VT,23.75,EIA Electric Power Monthly Table 5.6.A
Virginia,VA,17.55,EIA Electric Power Monthly Table 5.6.A
Washington,WA,14.71,EIA Electric Power Monthly Table 5.6.A
West Virginia,WV,15.78,EIA Electric Power Monthly Table 5.6.A
Wisconsin,WI,19.06,EIA Electric Power Monthly Table 5.6.A
Wyoming,WY,14.36,EIA Electric Power Monthly Table 5.6.A
U.S. average,US,18.31,EIA Electric Power Monthly Table 5.6.A
